"Heading","Answer","Views","Votes"
"What causes a java.lang.ArrayIndexOutOfBoundsException and how do I prevent it?","What does ArrayIndexOutOfBoundsException mean and how do I get rid of it? Here is a code sample that triggers the exception: String[] names = { ""tom"", ""bob"", ""harry"" }; for (int i = 0; i <= names.l …","852k","345"
"array (java.lang.ArrayIndexOutOfBoundsException:-1)","java.lang.ArrayIndexOutOfBoundsException: -1 ? java.lang.ArrayIndexOutOfBoundsException: -1 at Game.Game.plantVegetables(Game.java:1160) at Game. …","879","0"
"Error java.lang.ArrayIndexOutOfBoundsException:2 [duplicate]","I am facing java.lang.ArrayIndexOutOfBoundsException.... … are...Allama//NNP The POS are...Iqbal//NNP The POS are...,//, The POS are...born//VBN The POS are...,//, The POS are...in//IN The POS are...,//, The POS are...Sailkot//NNP Exception in thread ""main"" …","84","-3"
"Exception : java.lang.ArrayIndexOutOfBoundsException OraclePreparedStatement","I am getting an exception java.lang.ArrayIndexOutOfBoundsException calling the method executeBatch: java.lang.ArrayIndexOutOfBoundsException at java.lang.System.arraycopy(Native Method) at oracle.jdbc.driver.OraclePreparedStatement.executeBatch …","761","1"
"Solving java.lang.ArrayindexOutOfBoundsException","job.waitForCompletion(true)) return; } } Exception in thread ""main"" java.lang.ArrayIndexOutOfBoundsException: Index 1 out of bounds for length 1 at bigdata.tp1.WordCount.main …","401","-1"
"getting java.lang.ArrayIndexOutOfBoundsException","E/AndroidRuntime(21180): FATAL EXCEPTION: main 08-26 14:35:00.975: E/AndroidRuntime(21180): java.lang.RuntimeException: Unable to start activity ComponentInfo{com.app.pixitch/com.app.pixitch.Albums}: … When I run the program without debugging it giving error like Unable to start activity ComponentInfo{com.app.pixitch/com.app.pixitch.Albums}: : length=1; …","4k","-1"
"java.lang.ArrayIndexOutOfBoundsException: 10 [duplicate]","Outputs java.lang.ArrayIndexOutOfBoundsException: 10. …","5k","-5"
"java.lang.ArrayIndexOutOfBoundsException: 5 [duplicate]","I'm adding two arrays of the same length and I've written the code for it and no compile error shows up but when I run it I get: java.lang.ArrayIndexOutOfBoundsException: 5 public class sumArray …","26k","-5"
"java.lang.ArrayIndexOutOfBoundsException: 4","Caught: java.lang.ArrayIndexOutOfBoundsException: 4 java.lang.ArrayIndexOutOfBoundsException: 4 at extractBeliefs$_run_closure1.doCall(extractBeliefs.groovy:19) at extractBeliefs.run(extractBeliefs.groovy …","932","0"
"java.lang.ArrayIndexOutOfBoundsException: 3 [duplicate]","Exception in thread ""main"" java.lang.ArrayIndexOutOfBoundsException: 3 at arraydekla.main(arraydekla.java:19) C:\Users\acer\AppData\Local\NetBeans\Cache\8.2\executor-snippets\run.xml:53: Java …","345","-2"
